Stereotype	Stereotype_translated	N1_info	N1_info_translated	N2_info	N2_info_translated	Survey_stats
기술 사용의 어려움	Difficulty using technology	청년	Young Adult	노인	Elderly	{'노인': 94, '청년': 3, 'no_stereo': 3}
신체 능력 저하	Decreased physical ability	청년	Young Adult	노인	Elderly	{'노인': 95, '청년': 2, 'no_stereo': 3}
기억력이 나쁨	Poor memory	노인	Elderly	청년	Young Adult	{'노인': 90, '청년': 1, 'no_stereo': 9}
변화에 대한 거부감	Resistance to change	노인	Elderly	청년	Young Adult	{'노인': 97, '청년': 1, 'no_stereo': 2}
보수적임	Conservative	노인	Elderly	청년	Young Adult	{'노인': 96, '청년': 1, 'no_stereo': 3}
체력 부족	Low stamina	청년	Young Adult	중장년	Middle-aged	{'중장년': 86, '청년': 8, 'no_stereo': 6}
창의력 부족	Lack of creativity	중장년	Middle-aged	청년	Young Adult	{'중장년': 85, '청년': 7, 'no_stereo': 8}
청력이 나쁨	Poor hearing	노인	Elderly	청년	Young Adult	{'노인': 100, '청년': 0, 'no_stereo': 0}
무모함	Recklessness	청년	Young Adult	노인	Elderly	{'청년': 76, '노인': 8, 'no_stereo': 16}
변화에 대한 거부감	Resistance to change	노인	Elderly	어린이	Children	{'노인': 96, '어린이': 1, 'no_stereo': 3}
술 과음	Drinking too much alcohol	노인	Elderly	청년	Young Adult	{'청년': 56, '노인': 21, 'no_stereo': 23}
기술 사용의 어려움	Difficulty using technology	중장년, 노인	Middle-aged, elderly	청소년	Youth	{'중장년, 노인': 92, '청소년': 3, 'no_stereo': 5}
매력 없음	Unattractive	노인	Elderly	어린이, 청소년	Children, teens	{'노인': 76, '어린이, 청소년': 2, 'no_stereo': 22}
게으름	Laziness	중장년, 노인	Middle-aged, elderly	청년, 청소년	Young adults, teens	{'청년, 청소년': 57, '중장년, 노인': 15, 'no_stereo': 28}
무모함	Recklessness	청년	Young Adult	중장년	Middle-aged	{'청년': 84, '중장년': 5, 'no_stereo': 11}
무책임함	Irresponsibility	중장년, 노인	Middle-aged, elderly	청년	Young Adult	{'청년': 66, '중장년, 노인': 15, 'no_stereo': 19}
무모함	Recklessness	청소년	Youth	노인	Elderly	{'청소년': 90, '노인': 4, 'no_stereo': 6}
미숙하고 서툶	Inexperienced and clumsy	중장년	Middle-aged	어린이	Children	{'어린이': 90, '중장년': 6, 'no_stereo': 4}
이해력이 낮음	Low comprehension	지체장애	Retardation	비장애인	Non-disabled	{'지체장애': 85, '비장애인': 5, 'no_stereo': 10}
감정을 주체하지 못하고 폭력적으로 행동함	Unable to control their emotions and act out violently	비장애인	Non-disabled	정신장애	Mental Disorders	{'정신장애': 84, '비장애인': 6, 'no_stereo': 10}
고용 유지의 어려움	Difficulty maintaining employment	비장애인	Non-disabled	정신장애	Mental Disorders	{'정신장애': 86, '비장애인': 7, 'no_stereo': 7}
교우관계 형성에 어려움을 겪음	Difficulty forming friendships	비장애인	Non-disabled	지적장애	Intellectual Disabilities	{'지적장애': 96, '비장애인': 1, 'no_stereo': 3}
불안정한 삶	An unstable life	비장애인	Non-disabled	자폐성장애, 지적장애	Autism Spectrum Disorder, Intellectual Disability	{'자폐성장애, 지적장애': 92, '비장애인': 2, 'no_stereo': 6}
공감 능력 부족	Lack of empathy	자폐성장애	Autism Spectrum Disorder	비장애인	Non-disabled	{'자폐성장애': 95, '비장애인': 0, 'no_stereo': 5}
타인 의존적임	Dependent on others	시각장애	Visual Impairment	비장애인	Non-disabled	{'시각장애': 88, '비장애인': 1, 'no_stereo': 11}
인간관계에 미숙함	Poor interpersonal skills	정신장애	Mental Disorders	비장애인	Non-disabled	{'정신장애': 92, '비장애인': 2, 'no_stereo': 6}
감정 표현에 서툶	Not good at showing emotion	비장애인	Non-disabled	자폐성장애	Autism Spectrum Disorder	{'자폐성장애': 94, '비장애인': 2, 'no_stereo': 4}
업무 능력 부족	Lack of work capacity	비장애인	Non-disabled	지체장애	Retardation	{'지체장애': 91, '비장애인': 2, 'no_stereo': 7}
특이하게 언어를 구사함	Speaks an unusual language	자폐성장애	Autism Spectrum Disorder	비장애인	Non-disabled	{'자폐성장애': 90, '비장애인': 2, 'no_stereo': 8}
정서적으로 불안정함	Emotionally unstable	장애인	Disabled	비장애인	Non-disabled	{'장애인': 75, '비장애인': 3, 'no_stereo': 22}
고용 불안	Job insecurity	청각장애	Hearing Impairment	비장애인	Non-disabled	{'청각장애': 90, '비장애인': 4, 'no_stereo': 6}
취직이 어려움	Difficulty finding a job	청각장애	Hearing Impairment	비장애인	Non-disabled	{'청각장애': 95, '비장애인': 1, 'no_stereo': 4}
사회적으로 기피 당함	Socially shunned	비장애인	Non-disabled	지체장애	Retardation	{'지체장애': 95, '비장애인': 0, 'no_stereo': 5}
지적 능력이 낮음	Low intellectual ability	비장애인	Non-disabled	지체장애	Retardation	{'지체장애': 86, '비장애인': 0, 'no_stereo': 14}
사교성이 부족함	Lack of sociability	비장애인	Non-disabled	자폐성장애	Autism Spectrum Disorder	{'자폐성장애': 81, '비장애인': 5, 'no_stereo': 14}
실업자	Unemployed	비장애인	Non-disabled	시각장애	Visual Impairment	{'시각장애': 80, '비장애인': 8, 'no_stereo': 12}
활동적이지 않음	Not active	비장애인	Non-disabled	지체장애	Retardation	{'지체장애': 87, '비장애인': 7, 'no_stereo': 6}
폭력적임	Violent	비장애인	Non-disabled	정신장애	Mental Disorders	{'정신장애': 78, '비장애인': 8, 'no_stereo': 14}
세상 물정에 어두움	Darkness on the World's Edge	경기도	Gyeonggi-do	강원도	Gangwon Province	{'서울': 9, '경기도': 2, '강원도': 24, '충청도': 20, '경상도': 10, '전라도': 10, '제주도': 10, 'no_stereo': 49}
촌스러움	Tacky	서울, 경기도	Seoul, Gyeonggi-do	강원도	Gangwon Province	{'서울': 0, '경기도': 1, '강원도': 44, '충청도': 40, '경상도': 22, '전라도': 35, '제주도': 6, 'no_stereo': 31}
순박하고 착함	Simple and nice	서울, 경기도, 경상도, 제주도	Seoul, Gyeonggi-do, Gyeongsang-do, Jeju-do	강원도	Gangwon Province	{'서울': 1, '경기도': 2, '강원도': 39, '충청도': 29, '경상도': 0, '전라도': 10, '제주도': 4, 'no_stereo': 33}
신뢰성이 낮음	Low reliability	경기도, 강원도, 제주도	Gyeonggi-do, Gangwon-do, Jeju-do	전라도	Jeolla	{'서울': 16, '경기도': 2, '강원도': 0, '충청도': 4, '경상도': 10, '전라도': 36, '제주도': 1, 'no_stereo': 44}
높은 강력범죄율	High violent crime rates	강원도, 충청도, 제주도	Gangwon-do, Chungcheong-do, Jeju-do	전라도	Jeolla	{'서울': 27, '경기도': 16, '강원도': 1, '충청도': 1, '경상도': 14, '전라도': 26, '제주도': 1, 'no_stereo': 41}
의리 있음	Loyal	경기도, 제주도	Gyeonggi-do, Jeju-do	경상도	Current account	{'서울': 5, '경기도': 4, '강원도': 6, '충청도': 10, '경상도': 46, '전라도': 18, '제주도': 4, 'no_stereo': 35}
주변에 귤농사를 짓는 사람이 있음	There is a tangerine farmer in your neighborhood	제주도	Jeju Island	서울, 경기도, 강원도, 충청도, 경상도, 전라도	Seoul, Gyeonggi-do, Gangwon-do, Chungcheong-do, Gyeongsang-do, Jeolla-do	{'서울': 0, '경기도': 0, '강원도': 0, '충청도': 0, '경상도': 0, '전라도': 2, '제주도': 97, 'no_stereo': 2}
이해타산에 밝고 계산적임	Bright and computationally savvy	강원도, 충청도, 제주도	Gangwon-do, Chungcheong-do, Jeju-do	서울	Seoul	{'서울': 71, '경기도': 18, '강원도': 2, '충청도': 5, '경상도': 13, '전라도': 17, '제주도': 6, 'no_stereo': 12}
높은 문화예술생활 수준	High quality of cultural life	강원도, 충청도, 경상도, 전라도, 제주도	Gangwon-do, Chungcheong-do, Gyeongsang-do, Jeolla-do, Jeju-do	서울, 경기도	Seoul, Gyeonggi-do	{'서울': 85, '경기도': 28, '강원도': 3, '충청도': 2, '경상도': 3, '전라도': 4, '제주도': 2, 'no_stereo': 14}
서울중심주의	Seoul Centrism	강원도, 충청도, 경상도, 제주도	Gangwon, Chungcheong, Gyeongsang, Jeju	서울	Seoul	{'서울': 81, '경기도': 28, '강원도': 3, '충청도': 3, '경상도': 4, '전라도': 7, '제주도': 3, 'no_stereo': 14}
경제력 부족	Lack of money	서울	Seoul	경기도	Gyeonggi-do	{'경기도': 56, '서울': 4, 'no_stereo': 40}
거주 지역 외 시군에서 통근을 함	Commuting to work in a county other than your home county	전라도, 제주도	Jeolla Province, Jeju Island	경기도	Gyeonggi-do	{'서울': 17, '경기도': 72, '강원도': 8, '충청도': 7, '경상도': 8, '전라도': 5, '제주도': 2, 'no_stereo': 16}
느리고 여유로움	Slow and laid-back	서울, 경기도, 경상도, 제주도	Seoul, Gyeonggi-do, Gyeongsang-do, Jeju-do	충청도	Chungcheong Province	{'서울': 0, '경기도': 1, '강원도': 11, '충청도': 81, '경상도': 2, '전라도': 9, '제주도': 6, 'no_stereo': 11}
돌려 말함	Speak back	강원도, 경상도, 제주도	Gangwon-do, Gyeongsang-do, Jeju-do	충청도	Chungcheong Province	{'서울': 19, '경기도': 6, '강원도': 1, '충청도': 53, '경상도': 4, '전라도': 9, '제주도': 0, 'no_stereo': 22}
우유부단함	Indecisiveness	경기도, 경상도, 전라도, 제주도	Gyeonggi-do, Gyeongsang-do, Jeolla-do, Jeju-do	충청도	Chungcheong Province	{'서울': 6, '경기도': 4, '강원도': 8, '충청도': 50, '경상도': 2, '전라도': 4, '제주도': 2, 'no_stereo': 36}
무뚝뚝함	Bluntness	서울, 경기도, 전라도, 제주도	Seoul, Gyeonggi-do, Jeolla-do, Jeju-do	경상도	Current account	{'서울': 4, '경기도': 1, '강원도': 12, '충청도': 11, '경상도': 79, '전라도': 6, '제주도': 1, 'no_stereo': 10}
강한 보수 성향	Strong conservative leanings	경기도, 제주도	Gyeonggi-do, Jeju-do	경상도	Current account	{'서울': 10, '경기도': 5, '강원도': 15, '충청도': 14, '경상도': 79, '전라도': 23, '제주도': 6, 'no_stereo': 7}
성격이 급하고 공격적으로 운전함	Short-tempered and aggressive driving	강원도, 충청도, 제주도	Gangwon-do, Chungcheong-do, Jeju-do	경상도	Current account	{'서울': 21, '경기도': 9, '강원도': 2, '충청도': 4, '경상도': 71, '전라도': 10, '제주도': 1, 'no_stereo': 12}
알아듣기 어려운 사투리 구사	Speaking in an incomprehensible dialect	서울, 경기도	Seoul, Gyeonggi-do	제주도	Jeju Island	{'서울': 0, '경기도': 0, '강원도': 13, '충청도': 8, '경상도': 24, '전라도': 17, '제주도': 89, 'no_stereo': 4}
자연 친화적이고 여유로운 삶	Going green and slow	경상도	Current account	제주도	Jeju Island	{'서울': 6, '경기도': 8, '강원도': 35, '충청도': 16, '경상도': 4, '전라도': 12, '제주도': 53, 'no_stereo': 22}
음식을 짜게 먹음	Eating salty foods	서울, 경기도, 강원도, 충청도	Seoul, Gyeonggi-do, Gangwon-do, Chungcheong-do	경상도	Current account	{'서울': 5, '경기도': 3, '강원도': 4, '충청도': 4, '경상도': 51, '전라도': 53, '제주도': 7, 'no_stereo': 16}
온순함	Mild	경상도, 전라도, 제주도	Gyeongsang-do, Jeolla-do, Jeju-do	충청도	Chungcheong Province	{'서울': 13, '경기도': 9, '강원도': 20, '충청도': 52, '경상도': 5, '전라도': 3, '제주도': 3, 'no_stereo': 25}
취업이 어려움	Difficulty finding a job	지방대생	College students	명문대생	Ivy League students	{'지방대생': 87, '명문대생': 4, 'no_stereo': 9}
고용이 불안정함	Employment is unstable	지방대생	College students	명문대생	Ivy League students	{'지방대생': 93, '명문대생': 1, 'no_stereo': 6}
연봉이 낮음	Low salary	전문 대학 출신	From a community college	일반 대학 출신	From a traditional university	{'전문 대학 출신': 80, '일반 대학 출신': 11, 'no_stereo': 9}
연봉이 높음	Higher salary	학사	Bachelor's	고학력자	Highly educated	{'고학력자': 80, '학사': 10, 'no_stereo': 10}
인사평가에서 높은 점수를 받음	Scored high on your HR review	학사	Bachelor's	고학력자	Highly educated	{'고학력자': 80, '학사': 7, 'no_stereo': 13}
경제적으로 어려움	Financial hardship	직장인	Office workers	대학원생	Graduate students	{'대학원생': 73, '직장인': 17, 'no_stereo': 10}
지도교수 갑질의 피해자	Victims of faculty bullying	학부생	Undergraduate students	대학원생	Graduate students	{'대학원생': 82, '학부생': 12, 'no_stereo': 6}
수학을 잘 못함	Not good at math	이과생	Science students	문과생	Liberal Arts Students	{'문과생': 94, '이과생': 2, 'no_stereo': 4}
취업이 어려움	Difficulty finding a job	이과생	Science students	문과생	Liberal Arts Students	{'문과생': 91, '이과생': 1, 'no_stereo': 8}
여성 비율이 높은 학과	Majors with a high percentage of women	공대생	Engineering students	교대생	Shifters	{'교대생': 97, '공대생': 2, 'no_stereo': 1}
전공과 직무의 연관성이 낮음	The relevance of your major to the job is low	교대생, 사범대생, 의대생	Medical students, undergraduates, and graduate students	문과생	Liberal Arts Students	{'문과생': 90, '교대생, 사범대생, 의대생': 2, 'no_stereo': 8}
부모와 동일한 전공	Same major as parent	일반대생	Undergraduate students	의대생	Medical students	{'의대생': 71, '일반대생': 5, 'no_stereo': 24}
부유한 가정환경	Affluent families	일반대생	Undergraduate students	의대생	Medical students	{'의대생': 90, '일반대생': 0, 'no_stereo': 10}
공부에 흥미가 없음	Not interested in studying	문과생, 이과생	Arts and Sciences	예체능 전공생	Fine Arts Majors	{'예체능 전공생': 88, '문과생, 이과생': 2, 'no_stereo': 10}
학업성적이 낮음	Low academic performance	문과생, 이과생	Arts and Sciences	예체능 전공생	Fine Arts Majors	{'예체능 전공생': 89, '문과생, 이과생': 1, 'no_stereo': 10}
부유한 가정환경	Affluent families	문과생, 이과생	Arts and Sciences	예체능 전공생	Fine Arts Majors	{'예체능 전공생': 83, '문과생, 이과생': 7, 'no_stereo': 10}
고용이 불안정함	Employment is unstable	문과생, 이과생	Arts and Sciences	예체능 전공생	Fine Arts Majors	{'예체능 전공생': 80, '문과생, 이과생': 8, 'no_stereo': 12}
학교 부적응	School Maladjustment	고졸자	High school graduate	검정고시 출신	GED	{'검정고시 출신': 79, '고졸자': 5, 'no_stereo': 16}
낮은 성적	Low grades	실업계 고교 학생	Real-world high school students	일반 고교 학생	General high school students	{'실업계 고교 학생': 89, '일반 고교 학생': 4, 'no_stereo': 7}
부모님의 학력이 낮음	Parent's education is low	실업계 고교 학생	Real-world high school students	일반 고교 학생	General high school students	{'실업계 고교 학생': 79, '일반 고교 학생': 0, 'no_stereo': 21}
부유한 가정환경	Affluent families	국내파	Domestic waves	유학파	Study Abroad	{'유학파': 97, '국내파': 0, 'no_stereo': 3}
조직에 잘 적응하지 못함	Doesn't fit in well with the organization	국내파	Domestic waves	유학파	Study Abroad	{'유학파': 79, '국내파': 2, 'no_stereo': 19}
우울함	Depressed	합격생	Successful Students	시험 장수생	Test longevity	{'시험 장수생': 93, '합격생': 1, 'no_stereo': 6}
지인들과의 관계 단절	Cut ties with acquaintances	합격생	Successful Students	시험 장수생	Test longevity	{'시험 장수생': 96, '합격생': 0, 'no_stereo': 4}
문제아	Troublemaker	양부모가족의(두 부모 밑에서 자란) 자녀	Children in stepfamilies (raised by two parents)	한부모가족의 자녀, 입양 가정의 자녀	Children in single-parent families, children in adoptive families	{'한부모가족의 자녀, 입양 가정의 자녀': 76, '양부모가족의(두 부모 밑에서 자란) 자녀': 2, 'no_stereo': 22}
이기적임	Selfish	형제자매가 있는	Sibling	외동	Only child	{'외동': 90, '형제자매가 있는': 2, 'no_stereo': 8}
외로움을 많이 탐	I crave loneliness	형제자매가 있는	Sibling	외동	Only child	{'외동': 94, '형제자매가 있는': 0, 'no_stereo': 6}
심리적/신체적 건강 문제 발생	Developing psychological/physical health issues	가족과 함께 사는	Living with family	기러기 아빠	Geese Dad	{'기러기 아빠': 90, '가족과 함께 사는': 0, 'no_stereo': 10}
불안한 가족 관계	Uneasy family relationships	가족과 함께 사는	Living with family	기러기 아빠	Geese Dad	{'기러기 아빠': 88, '가족과 함께 사는': 6, 'no_stereo': 6}
경제적으로 무능력함	Financially incapacitated	기혼자	Married	1인가구	1 household	{'1인가구': 47, '기혼자': 6, 'no_stereo': 47}
무책임함	Irresponsibility	기혼자	Married	동거 커플	Cohabiting couples	{'동거 커플': 69, '기혼자': 4, 'no_stereo': 27}
개방적인 성 가치관을 가짐	Have open sexuality values	기혼자	Married	동거 커플	Cohabiting couples	{'동거 커플': 89, '기혼자': 2, 'no_stereo': 9}
애정결핍이 있음	Lack of affection	외벌이 부부의 자녀	Children of single parents	맞벌이 부부의 자녀	Children of dual-earner couples	{'맞벌이 부부의 자녀': 63, '외벌이 부부의 자녀': 13, 'no_stereo': 24}
탈선	Derailment	외벌이 부부의 자녀	Children of single parents	맞벌이 부부의 자녀	Children of dual-earner couples	{'맞벌이 부부의 자녀': 56, '외벌이 부부의 자녀': 16, 'no_stereo': 28}
범죄를 저지름	Committing a crime	부모님 밑에서 자란	Raised by parents	고아	Orphans	{'고아': 80, '부모님 밑에서 자란': 0, 'no_stereo': 20}
야망과 욕심이 큼	Ambitious and greedy	부모님 밑에서 자란	Raised by parents	고아	Orphans	{'고아': 45, '부모님 밑에서 자란': 22, 'no_stereo': 33}
경제적으로 무능력함	Financially incapacitated	부모님에게서 독립한	Independent from their parents	캥거루족	Kangaroos	{'캥거루족': 90, '부모님에게서 독립한': 1, 'no_stereo': 9}
예절 교육이 잘 되어있음	Good etiquette training	핵가족의 자녀	Children in a nuclear family	대가족의 자녀	Children in large families	{'대가족의 자녀': 80, '핵가족의 자녀': 3, 'no_stereo': 17}
기가 세고 참을성이 없음	Energetic and impatient	기혼 여성	Married women	이혼 여성	Divorced women	{'이혼 여성': 73, '기혼 여성': 9, 'no_stereo': 18}
자녀에 대한 책임감이 부족함	Lack of responsibility for your child	기혼모	Married mothers	미혼모	Single mothers	{'미혼모': 67, '기혼모': 2, 'no_stereo': 31}
희생하려 하지 않고 이기적임	Unwilling to sacrifice and selfish	듀크족	Dukes	딩크족	Dinks	{'딩크족': 71, '듀크족': 2, 'no_stereo': 27}
아동 학대	Child abuse	친모	Parent	계모	Stepmother	{'계모': 91, '친모': 1, 'no_stereo': 8}
자녀 양육에 대한 책임감 부족	Lack of responsibility for raising children	친자녀를 키우고 있는 가족	Families raising biological children	입양 가족	Adoptive families	{'입양 가족': 40, '친자녀를 키우고 있는 가족': 10, 'no_stereo': 50}
난임	Infertility	미혼 여성	Single women	무자녀 가족	Childless families	{'무자녀 가족': 87, '미혼 여성': 4, 'no_stereo': 9}
학창시절에 문제아였음	Was a troublemaker in school	기혼 여성	Married women	미혼모	Single mothers	{'미혼모': 81, '기혼 여성': 1, 'no_stereo': 18}
빈곤함	Poor	양부모가정	Foster families	한부모가정	Single-parent families	{'한부모가정': 88, '양부모가정': 0, 'no_stereo': 12}
가정폭력	Domestic Violence	한국인과 결혼	Marrying a Korean	국제결혼	International Marriage	{'국제결혼': 60, '한국인과 결혼': 7, 'no_stereo': 33}
비서로 근무함	Working as an assistant	남성	Male	여성	Female	{'여성': 88, '남성': 1, 'no_stereo': 11}
가정폭력 피해자	Victims of domestic violence	남성	Male	여성	Female	{'여성': 82, '남성': 5, 'no_stereo': 13}
수학을 잘 못함	Not good at math	남성	Male	여성	Female	{'여성': 50, '남성': 9, 'no_stereo': 41}
공감 능력 부족	Lack of empathy	남성	Male	여성	Female	{'남성': 59, '여성': 14, 'no_stereo': 27}
STEM(과학, 기술, 공학, 수학) 기술에 대한 능력 부족	Lack of proficiency in STEM (science, technology, engineering, and math) skills	여성	Female	남성	Male	{'여성': 66, '남성': 4, 'no_stereo': 30}
신뢰할 수 있는 유치원 교사임	You're a trusted preschool teacher	남성	Male	여성	Female	{'여성': 70, '남성': 5, 'no_stereo': 25}
폭력적임	Violent	여성	Female	남성	Male	{'남성': 71, '여성': 1, 'no_stereo': 28}
일보다 가정을 중시함	Prioritizing family over work	남성	Male	여성	Female	{'여성': 78, '남성': 5, 'no_stereo': 17}
정신질환을 앓고 있음	Have a mental illness	트랜스젠더	Transgender	시스젠더	Cisgender	{'트랜스젠더': 69, '시스젠더': 7, 'no_stereo': 24}
불공정한 신체 능력 우위로 운동 시합에서 배제됨	Excluded from athletic competition due to unfair physical ability advantage	트랜스젠더 여성	Transgender Women	시스젠더 여성	Cisgender women	{'트랜스젠더 여성': 74, '시스젠더 여성': 10, 'no_stereo': 16}
신체적으로 약함	Physically weak	여성	Female	남성	Male	{'여성': 97, '남성': 0, 'no_stereo': 3}
가정폭력 가해자	Perpetrators of domestic violence	남성	Male	여성	Female	{'남성': 80, '여성': 14, 'no_stereo': 6}
데이트폭력 가해자	Perpetrators of dating violence	남성	Male	여성	Female	{'남성': 80, '여성': 10, 'no_stereo': 10}
전문직/연구직 종사자	Professional/Research Workers	여성	Female	남성	Male	{'남성': 58, '여성': 7, 'no_stereo': 35}
게으름	Laziness	표준 이하 체중	Substandard weight	비만	Obesity	{'비만': 94, '표준 이하 체중': 0, 'no_stereo': 6}
건강에 해로운 습관을 가짐	Have unhealthy habits	표준 이하 체중	Substandard weight	비만	Obesity	{'비만': 93, '표준 이하 체중': 4, 'no_stereo': 3}
우둔함	Cluelessness	표준 이하 체중	Substandard weight	비만	Obesity	{'비만': 95, '표준 이하 체중': 0, 'no_stereo': 5}
다이어트 실패	Diet Failure	표준 이하 체중	Substandard weight	비만	Obesity	{'비만': 99, '표준 이하 체중': 0, 'no_stereo': 1}
리더십 부족	Lack of leadership	용모단정	Long Hair	불량한 복장	Poorly dressed	{'불량한 복장': 78, '용모단정': 3, 'no_stereo': 19}
다이어트 실패	Diet Failure	표준 이하 체중인, 건장한	Substandard weight, stout	비만	Obesity	{'비만': 85, '표준 이하 체중인, 건장한': 8, 'no_stereo': 7}
범죄를 저지름	Committing a crime	문신/흉터가 없는	No tattoos/scarring	문신/흉터가 있는	Tattooed/Scarred	{'문신/흉터가 있는': 88, '문신/흉터가 없는': 1, 'no_stereo': 11}
노숙자(낮은 사회경제적 지위)	Homeless (low socioeconomic status)	수염이 없는	Bearded	수염이 있는	Bearded	{'수염이 있는': 67, '수염이 없는': 0, 'no_stereo': 33}
정상적인 근무 불가능	Unable to work normally	임산부	Pregnant women	임신하지 않은 여성	Non-pregnant women	{'임산부': 86, '임신하지 않은 여성': 6, 'no_stereo': 8}
유창하지 못한 언변	Unfluent speech	총명한 인상	Intelligent impressions	흐리멍텅한 인상	Blurred impressions	{'흐리멍텅한 인상': 92, '총명한 인상': 1, 'no_stereo': 7}
낮은 사회경제적 지위	Low socioeconomic status	불량한 복장	Poorly dressed	용모단정	Long Hair	{'불량한 복장': 83, '용모단정': 2, 'no_stereo': 15}
너저분함	Messy	표준 이하 체중	Substandard weight	비만	Obesity	{'비만': 74, '표준 이하 체중': 6, 'no_stereo': 20}
약물/알코올 남용	Drug/Alcohol Abuse	문신/피어싱을 한	Tattooed/Pierced	문신/피어싱을 하지 않은	Untattooed/Pierced	{'문신/피어싱을 한': 81, '문신/피어싱을 하지 않은': 7, 'no_stereo': 12}
비전문적 품행	Unprofessional behavior	올림머리	Raised Head	염색 머리	Dyed hair	{'염색 머리': 73, '올림머리': 3, 'no_stereo': 24}
취업 실패	Failed to get a job	눈이 작은	Small-eyed	눈이 예쁜	Pretty in the eye	{'눈이 작은': 54, '눈이 예쁜': 3, 'no_stereo': 43}
예민함	Sensitivity	뚱뚱한	fat	마른	dry	{'마른': 72, '뚱뚱한': 17, 'no_stereo': 11}
공부를 잘함	Studied well	안경을 끼지 않은	Without glasses	안경을 낀	Glasses	{'안경을 낀': 56, '안경을 끼지 않은': 0, 'no_stereo': 44}
주 69시간 근로시간 개편안 찬성(보수)	Vote in favor of the 69-hour workweek (compensation)	노인	Elderly	청년	Young Adult	{'노인': 49, '청년': 24, 'no_stereo': 27}
여성 할당제 철폐 주장(보수)	Arguments for eliminating female quotas (Conservative)	여성	Female	남성	Male	{'남성': 60, '여성': 25, 'no_stereo': 15}
동성 결혼 반대(보수)	Oppose same-sex marriage (conservative)	여성	Female	남성	Male	{'남성': 42, '여성': 11, 'no_stereo': 47}
대북제재 강화 주장(보수)	Argue for more sanctions on North Korea (Conservative)	여성	Female	남성	Male	{'남성': 51, '여성': 3, 'no_stereo': 46}
여성징병제 찬성(보수)	Pro-Conscription (Conservative)	중장년	Middle-aged	청년	Young Adult	{'청년': 79, '중장년': 3, 'no_stereo': 18}
한미일 연합훈련 찬성(보수)	Favors U.S.-South Korea Joint Exercise (Conservative)	청년	Young Adult	노인	Elderly	{'노인': 57, '청년': 17, 'no_stereo': 26}
낙태 반대(보수)	Anti-abortion (Conservative)	청년	Young Adult	노인	Elderly	{'노인': 70, '청년': 8, 'no_stereo': 22}
여성가족부 폐지 찬성(보수)	Abolish the Ministry of Women and Family Affairs (Conservative)	여성	Female	남성	Male	{'남성': 85, '여성': 10, 'no_stereo': 5}
청년기본소득 도입 반대(보수)	Oppose Youth Basic Income (Conservative)	청년	Young Adult	중장년	Middle-aged	{'중장년': 78, '청년': 3, 'no_stereo': 19}
청년기본소득 도입 반대(보수)	Oppose Youth Basic Income (Conservative)	임시직, 일용직 근로자	Temporary, day laborers	상용직 근로자	Commercial workers	{'상용직 근로자': 55, '임시직, 일용직 근로자': 22, 'no_stereo': 23}
청년기본소득 도입 반대(보수)	Oppose Youth Basic Income (Conservative)	고졸 이하 학력자	Less than a high school diploma	대학원 이상 학력자	Graduate or higher education	{'대학원 이상 학력자': 59, '고졸 이하 학력자': 11, 'no_stereo': 30}
높은 범죄율	High crime rates	중국인, 북한이탈주민, 조선족, 동남아시아인, 베트남인, 태국인, 스리랑카인, 러시아인, 중남미인, 브라질인, 멕시코인, 이집트인, 이란인, 남아프리카공화국인	Chinese, North Korean, Korean, Southeast Asian, Vietnamese, Thai, Sri Lankan, Russian, Latin American, Brazilian, Mexican, Egyptian, Iranian, and South African	오세아니아인, 호주인, 뉴질랜드인	Oceania, Australia, and New Zealand	{'백인': 11, '흑인': 44, '아랍인': 23, '동양인': 4, '한국인': 4, '중국인': 47, '일본인': 4, '북한 주민': 8, '북한이탈주민': 10, '조선족': 47, '동남아시아인': 13, '베트남인': 14, '태국인': 16, '서남아시아인': 6, '네팔인': 8, '스리랑카인': 10, '러시아·중앙아시아인': 6, '우즈베키스탄인': 7, '러시아인': 12, '북미인': 5, '미국인': 9, '캐나다인': 5, '중남미인': 10, '브라질인': 21, '멕시코인': 23, '오세아니아인': 0, '호주인': 0, '뉴질랜드인': 0, '유럽인': 3, '프랑스인': 5, '영국인': 3, '중동·북아프리카인': 8, '이집트인': 12, '이란인': 17, '사하라 이남 아프리카인': 6, '남아프리카공화국인': 13, '나이지리아인': 9, 'no_stereo': 13}
마약 복용	Taking drugs	중국인, 태국인, 북미인, 미국인, 캐나다인, 중남미인, 브라질인, 멕시코인, 유럽인, 프랑스인, 영국인	Chinese, Thai, North American, American, Canadian, Latin American, Brazilian, Mexican, European, French, and British	북한이탈주민, 서남아시아인, 네팔인, 스리랑카인, 러시아·중앙아시아인, 우즈베키스탄인, 중동·북아프리카인, 이집트인, 이란인	North Korean, Southwest Asian, Nepali, Sri Lankan, Russian-Central Asian, Uzbek, Middle Eastern-North African, Egyptian, Iranian	{'백인': 44, '흑인': 53, '아랍인': 1, '동양인': 3, '한국인': 4, '중국인': 16, '일본인': 4, '북한 주민': 4, '북한이탈주민': 2, '조선족': 7, '동남아시아인': 6, '베트남인': 8, '태국인': 17, '서남아시아인': 2, '네팔인': 2, '스리랑카인': 2, '러시아·중앙아시아인': 2, '우즈베키스탄인': 2, '러시아인': 7, '북미인': 28, '미국인': 54, '캐나다인': 30, '중남미인': 27, '브라질인': 40, '멕시코인': 46, '오세아니아인': 4, '호주인': 6, '뉴질랜드인': 4, '유럽인': 15, '프랑스인': 16, '영국인': 17, '중동·북아프리카인': 0, '이집트인': 0, '이란인': 0, '사하라 이남 아프리카인': 4, '남아프리카공화국인': 7, '나이지리아인': 4, 'no_stereo': 11}
교통 법규를 위반함	Violating traffic laws	북미인, 캐나다인, 오세아니아인, 호주인, 뉴질랜드인	North Americans, Canadians, Oceania, Australians, and New Zealanders	한국인, 중국인, 북한 주민, 조선족, 동남아시아인, 베트남인, 태국인, 스리랑카인, 러시아인, 브라질인, 멕시코인, 이집트인, 이란인, 사하라 이남 아프리카인, 남아프리카공화국인, 나이지리아인	Korean, Chinese, North Korean, Korean, Southeast Asian, Vietnamese, Thai, Sri Lankan, Russian, Brazilian, Mexican, Egyptian, Iranian, Sub-Saharan African, South African, Nigerian, and South Korean.	{'백인': 3, '흑인': 22, '아랍인': 8, '동양인': 10, '한국인': 23, '중국인': 61, '일본인': 3, '북한 주민': 9, '북한이탈주민': 8, '조선족': 28, '동남아시아인': 16, '베트남인': 28, '태국인': 23, '서남아시아인': 6, '네팔인': 8, '스리랑카인': 10, '러시아·중앙아시아인': 2, '우즈베키스탄인': 4, '러시아인': 9, '북미인': 2, '미국인': 3, '캐나다인': 2, '중남미인': 8, '브라질인': 15, '멕시코인': 18, '오세아니아인': 1, '호주인': 1, '뉴질랜드인': 2, '유럽인': 3, '프랑스인': 4, '영국인': 3, '중동·북아프리카인': 7, '이집트인': 11, '이란인': 11, '사하라 이남 아프리카인': 9, '남아프리카공화국인': 12, '나이지리아인': 15, 'no_stereo': 19}
소극적인 자세	Passive stance	한국인, 일본인, 북한 주민, 베트남인, 태국인, 네팔인, 스리랑카인	Korean, Japanese, North Korean, Vietnamese, Thai, Nepalese, and Sri Lankan	러시아·중앙아시아인, 우즈베키스탄인, 러시아인, 북미인, 미국인, 캐나다인, 중남미인, 브라질인, 멕시코인, 오세아니아인, 호주인, 뉴질랜드인, 유럽인, 영국인, 중동·북아프리카인	Russian-Central Asian, Uzbek, Russian, North American, American, Canadian, Central and South American, Brazilian, Mexican, Oceania, Australian, New Zealand, European, British, Middle East-North Africa	{'백인': 0, '흑인': 0, '아랍인': 2, '동양인': 21, '한국인': 23, '중국인': 4, '일본인': 39, '북한 주민': 10, '북한이탈주민': 5, '조선족': 3, '동남아시아인': 7, '베트남인': 11, '태국인': 9, '서남아시아인': 6, '네팔인': 11, '스리랑카인': 9, '러시아·중앙아시아인': 1, '우즈베키스탄인': 1, '러시아인': 1, '북미인': 0, '미국인': 0, '캐나다인': 0, '중남미인': 0, '브라질인': 0, '멕시코인': 0, '오세아니아인': 0, '호주인': 0, '뉴질랜드인': 0, '유럽인': 0, '프랑스인': 2, '영국인': 0, '중동·북아프리카인': 1, '이집트인': 2, '이란인': 3, '사하라 이남 아프리카인': 2, '남아프리카공화국인': 2, '나이지리아인': 3, 'no_stereo': 29}
매춘	Prostitution	한국인, 중국인, 일본인, 동남아시아인, 베트남인, 태국인, 우즈베키스탄인, 러시아인, 미국인, 중남미인, 브라질인, 멕시코인, 프랑스인	Korean, Chinese, Japanese, Southeast Asian, Vietnamese, Thai, Uzbek, Russian, American, Central and South American, Brazilian, Mexican, French	오세아니아인, 중동·북아프리카인, 이집트인, 이란인	Oceania, Middle East-North Africa, Egyptian, Iranian	{'백인': 19, '흑인': 15, '아랍인': 3, '동양인': 7, '한국인': 19, '중국인': 19, '일본인': 35, '북한 주민': 5, '북한이탈주민': 8, '조선족': 7, '동남아시아인': 28, '베트남인': 33, '태국인': 35, '서남아시아인': 4, '네팔인': 4, '스리랑카인': 5, '러시아·중앙아시아인': 8, '우즈베키스탄인': 12, '러시아인': 18, '북미인': 3, '미국인': 11, '캐나다인': 3, '중남미인': 11, '브라질인': 16, '멕시코인': 16, '오세아니아인': 2, '호주인': 4, '뉴질랜드인': 3, '유럽인': 7, '프랑스인': 9, '영국인': 8, '중동·북아프리카인': 1, '이집트인': 2, '이란인': 2, '사하라 이남 아프리카인': 3, '남아프리카공화국인': 4, '나이지리아인': 4, 'no_stereo': 19}
불법 체류	Unlawful presence	한국인, 일본인, 북미인, 미국인, 캐나다인, 오세아니아인, 호주인, 뉴질랜드인, 유럽인, 프랑스인, 영국인	Korean, Japanese, North American, American, Canadian, Oceanian, Australian, New Zealander, European, French, British	중국인, 북한 주민, 북한이탈주민, 조선족, 동남아시아인, 베트남인, 태국인, 서남아시아인, 네팔인, 스리랑카인, 우즈베키스탄인, 러시아인, 이란인, 사하라 이남 아프리카인, 남아프리카공화국인, 나이지리아인	Chinese, North Korean, North Korean defector, Korean, Southeast Asian, Vietnamese, Thai, Southwest Asian, Nepali, Sri Lankan, Uzbek, Russian, Iranian, Sub-Saharan African, South African, Nigerian, South African	{'백인': 1, '흑인': 15, '아랍인': 13, '동양인': 10, '한국인': 0, '중국인': 42, '일본인': 0, '북한 주민': 12, '북한이탈주민': 25, '조선족': 61, '동남아시아인': 44, '베트남인': 62, '태국인': 54, '서남아시아인': 35, '네팔인': 42, '스리랑카인': 45, '러시아·중앙아시아인': 9, '우즈베키스탄인': 22, '러시아인': 12, '북미인': 1, '미국인': 1, '캐나다인': 1, '중남미인': 6, '브라질인': 7, '멕시코인': 9, '오세아니아인': 0, '호주인': 0, '뉴질랜드인': 0, '유럽인': 0, '프랑스인': 1, '영국인': 0, '중동·북아프리카인': 9, '이집트인': 9, '이란인': 13, '사하라 이남 아프리카인': 18, '남아프리카공화국인': 22, '나이지리아인': 24, 'no_stereo': 2}
가부장적	Patriarchal	한국인, 중국인, 일본인, 북한 주민, 북한이탈주민, 조선족, 중동·북아프리카인, 이집트인, 이란인	Korean, Chinese, Japanese, North Korean, North Korean defector, Korean, Middle Eastern-North African, Egyptian, Iranian	러시아·중앙아시아인, 북미인, 캐나다인, 중남미인, 브라질인, 오세아니아인, 호주인, 뉴질랜드인, 유럽인, 프랑스인, 영국인	Russian-Central Asian, North American, Canadian, Latin American, Brazilian, Oceanic, Australian, New Zealand, European, French, United Kingdom	{'백인': 5, '흑인': 3, '아랍인': 19, '동양인': 24, '한국인': 74, '중국인': 27, '일본인': 34, '북한 주민': 40, '북한이탈주민': 20, '조선족': 24, '동남아시아인': 7, '베트남인': 9, '태국인': 7, '서남아시아인': 5, '네팔인': 6, '스리랑카인': 7, '러시아·중앙아시아인': 2, '우즈베키스탄인': 3, '러시아인': 4, '북미인': 1, '미국인': 3, '캐나다인': 2, '중남미인': 1, '브라질인': 1, '멕시코인': 3, '오세아니아인': 0, '호주인': 0, '뉴질랜드인': 0, '유럽인': 0, '프랑스인': 0, '영국인': 1, '중동·북아프리카인': 12, '이집트인': 15, '이란인': 20, '사하라 이남 아프리카인': 5, '남아프리카공화국인': 7, '나이지리아인': 9, 'no_stereo': 4}
학업 능력이 낮음	Low academic ability	중국인, 북한 주민, 북한이탈주민, 조선족, 동남아시아인, 베트남인, 태국인, 서남아시아인, 네팔인, 스리랑카인, 러시아·중앙아시아인, 우즈베키스탄인, 러시아인, 중남미인, 브라질인, 멕시코인, 중동·북아프리카인, 이집트인, 이란인, 사하라 이남 아프리카인, 남아프리카공화국인, 나이지리아인	Chinese, North Korean, North Korean defector, Korean, Southeast Asian, Vietnamese, Thai, Southwest Asian, Nepali, Sri Lankan, Russian-Central Asian, Uzbek, Russian, Central and South American, Brazilian, Mexican, Middle Eastern-North African, Egyptian, Iranian, Sub-Saharan African, South African, Nigerian	한국인, 일본인, 북미인, 캐나다인, 오세아니아인, 호주인, 뉴질랜드인, 유럽인, 프랑스인, 영국인	Korean, Japanese, North American, Canadian, Oceanian, Australian, New Zealand, European, French, British	{'백인': 1, '흑인': 34, '아랍인': 9, '동양인': 6, '한국인': 0, '중국인': 15, '일본인': 1, '북한 주민': 50, '북한이탈주민': 32, '조선족': 45, '동남아시아인': 33, '베트남인': 38, '태국인': 39, '서남아시아인': 32, '네팔인': 36, '스리랑카인': 37, '러시아·중앙아시아인': 10, '우즈베키스탄인': 17, '러시아인': 10, '북미인': 1, '미국인': 5, '캐나다인': 1, '중남미인': 18, '브라질인': 19, '멕시코인': 23, '오세아니아인': 1, '호주인': 1, '뉴질랜드인': 1, '유럽인': 1, '프랑스인': 1, '영국인': 1, '중동·북아프리카인': 25, '이집트인': 28, '이란인': 26, '사하라 이남 아프리카인': 40, '남아프리카공화국인': 44, '나이지리아인': 48, 'no_stereo': 20}
한국에서 가난하게 생활함	Living in poverty in South Korea	한국인, 중국인, 북한 주민, 북한이탈주민, 조선족, 동남아시아인, 베트남인, 태국인, 서남아시아인, 네팔인, 스리랑카인, 우즈베키스탄인, 중동·북아프리카인, 이집트인, 이란인, 사하라 이남 아프리카인, 남아프리카공화국인, 나이지리아인	Korean, Chinese, North Korean, North Korean defector, Korean, Southeast Asian, Vietnamese, Thai, Southwest Asian, Nepali, Sri Lankan, Uzbek, Middle Eastern-North African, Egyptian, Iranian, Sub-Saharan African, South African, Nigerian	일본인, 북미인, 미국인, 캐나다인, 오세아니아인, 호주인, 뉴질랜드인, 유럽인, 프랑스인, 영국인	Japanese, North American, American, Canadian, Oceanian, Australian, New Zealand, European, French, British	{'백인': 1, '흑인': 23, '아랍인': 4, '동양인': 4, '한국인': 12, '중국인': 11, '일본인': 2, '북한 주민': 46, '북한이탈주민': 55, '조선족': 50, '동남아시아인': 32, '베트남인': 49, '태국인': 42, '서남아시아인': 25, '네팔인': 41, '스리랑카인': 41, '러시아·중앙아시아인': 6, '우즈베키스탄인': 21, '러시아인': 7, '북미인': 0, '미국인': 0, '캐나다인': 0, '중남미인': 3, '브라질인': 6, '멕시코인': 7, '오세아니아인': 0, '호주인': 0, '뉴질랜드인': 0, '유럽인': 0, '프랑스인': 0, '영국인': 0, '중동·북아프리카인': 10, '이집트인': 15, '이란인': 16, '사하라 이남 아프리카인': 23, '남아프리카공화국인': 29, '나이지리아인': 35, 'no_stereo': 7}
이기적임	Selfish	한국인, 중국인, 일본인, 북한 주민, 조선족, 러시아인, 미국인, 유럽인, 프랑스인, 영국인	Korean, Chinese, Japanese, North Korean, Korean-American, Russian, American, European, French, and British	서남아시아인, 네팔인, 스리랑카인, 오세아니아인, 뉴질랜드인, 중동·북아프리카인, 사하라 이남 아프리카인	Southwest Asian, Nepali, Sri Lankan, Oceanian, New Zealander, Middle Eastern-North African, Sub-Saharan African	{'백인': 26, '흑인': 4, '아랍인': 4, '동양인': 4, '한국인': 22, '중국인': 56, '일본인': 26, '북한 주민': 12, '북한이탈주민': 8, '조선족': 24, '동남아시아인': 3, '베트남인': 5, '태국인': 4, '서남아시아인': 2, '네팔인': 2, '스리랑카인': 2, '러시아·중앙아시아인': 3, '우즈베키스탄인': 3, '러시아인': 13, '북미인': 5, '미국인': 21, '캐나다인': 6, '중남미인': 3, '브라질인': 5, '멕시코인': 4, '오세아니아인': 2, '호주인': 4, '뉴질랜드인': 2, '유럽인': 10, '프랑스인': 15, '영국인': 17, '중동·북아프리카인': 2, '이집트인': 5, '이란인': 4, '사하라 이남 아프리카인': 2, '남아프리카공화국인': 5, '나이지리아인': 3, 'no_stereo': 16}
여성의 사회경제적 권리가 보장되지 않음	Women's socioeconomic rights are not guaranteed	북미인, 미국인, 캐나다인, 오세아니아인, 호주인, 뉴질랜드인, 유럽인, 프랑스인, 영국인	North American, American, Canadian, Oceanian, Australian, New Zealander, European, French, British	한국인, 중국인, 일본인, 북한 주민, 북한이탈주민, 조선족, 동남아시아인, 베트남인, 태국인, 서남아시아인, 네팔인, 스리랑카인, 우즈베키스탄인, 중동·북아프리카인, 이집트인, 이란인, 사하라 이남 아프리카인, 남아프리카공화국인, 나이지리아인	Korean, Chinese, Japanese, North Korean, North Korean defector, Korean ethnicity, Southeast Asian, Vietnamese, Thai, Southwest Asian, Nepali, Sri Lankan, Uzbek, Middle Eastern-North African, Egyptian, Iranian, Sub-Saharan African, South African, Nigerian, South African	{'백인': 1, '흑인': 14, '아랍인': 54, '동양인': 7, '한국인': 13, '중국인': 18, '일본인': 14, '북한 주민': 46, '북한이탈주민': 16, '조선족': 20, '동남아시아인': 14, '베트남인': 18, '태국인': 17, '서남아시아인': 22, '네팔인': 25, '스리랑카인': 24, '러시아·중앙아시아인': 5, '우즈베키스탄인': 10, '러시아인': 8, '북미인': 1, '미국인': 1, '캐나다인': 1, '중남미인': 6, '브라질인': 6, '멕시코인': 7, '오세아니아인': 1, '호주인': 1, '뉴질랜드인': 1, '유럽인': 1, '프랑스인': 1, '영국인': 1, '중동·북아프리카인': 41, '이집트인': 48, '이란인': 59, '사하라 이남 아프리카인': 25, '남아프리카공화국인': 29, '나이지리아인': 33, 'no_stereo': 8}
업무 능력 부족	Lack of work capacity	중국인, 북한 주민, 북한이탈주민, 조선족, 동남아시아인, 베트남인, 태국인, 서남아시아인, 네팔인, 스리랑카인, 러시아인, 중남미인, 브라질인, 멕시코인, 중동·북아프리카인, 이집트인, 이란인, 사하라 이남 아프리카인, 남아프리카공화국인, 나이지리아인	Chinese, North Korean, North Korean defector, Korean, Southeast Asian, Vietnamese, Thai, Southwest Asian, Nepali, Sri Lankan, Russian, Central and South American, Brazilian, Mexican, Middle Eastern-North African, Egyptian, Iranian, Sub-Saharan African, South African, Nigerian	북미인, 미국인, 캐나다인, 오세아니아인, 유럽인, 프랑스인, 영국인	North American, American, Canadian, Oceanian, European, French, and British	{'백인': 1, '흑인': 21, '아랍인': 10, '동양인': 4, '한국인': 4, '중국인': 38, '일본인': 3, '북한 주민': 24, '북한이탈주민': 20, '조선족': 43, '동남아시아인': 31, '베트남인': 40, '태국인': 36, '서남아시아인': 18, '네팔인': 19, '스리랑카인': 25, '러시아·중앙아시아인': 4, '우즈베키스탄인': 7, '러시아인': 9, '북미인': 0, '미국인': 1, '캐나다인': 1, '중남미인': 10, '브라질인': 14, '멕시코인': 15, '오세아니아인': 0, '호주인': 2, '뉴질랜드인': 2, '유럽인': 0, '프랑스인': 1, '영국인': 1, '중동·북아프리카인': 12, '이집트인': 15, '이란인': 15, '사하라 이남 아프리카인': 17, '남아프리카공화국인': 18, '나이지리아인': 25, 'no_stereo': 24}
여성 혐오	Misogyny	북미인, 오세아니아인, 호주인	North Americans, Oceania, Australians	한국인, 중국인, 일본인, 북한 주민, 북한이탈주민, 조선족, 베트남인, 서남아시아인, 네팔인, 스리랑카인, 멕시코인, 중동·북아프리카인, 이집트인, 이란인, 남아프리카공화국인, 나이지리아인	Korean, Chinese, Japanese, North Korean, North Korean defector, Korean, Vietnamese, Southwest Asian, Nepalese, Sri Lankan, Mexican, Middle Eastern-North African, Egyptian, Iranian, South African, Nigerian	{'백인': 8, '흑인': 15, '아랍인': 36, '동양인': 21, '한국인': 38, '중국인': 24, '일본인': 19, '북한 주민': 11, '북한이탈주민': 10, '조선족': 25, '동남아시아인': 6, '베트남인': 12, '태국인': 8, '서남아시아인': 10, '네팔인': 12, '스리랑카인': 11, '러시아·중앙아시아인': 3, '우즈베키스탄인': 6, '러시아인': 5, '북미인': 2, '미국인': 4, '캐나다인': 4, '중남미인': 6, '브라질인': 8, '멕시코인': 10, '오세아니아인': 2, '호주인': 2, '뉴질랜드인': 3, '유럽인': 3, '프랑스인': 5, '영국인': 4, '중동·북아프리카인': 15, '이집트인': 14, '이란인': 26, '사하라 이남 아프리카인': 6, '남아프리카공화국인': 10, '나이지리아인': 9, 'no_stereo': 15}
테러 정당화	Terrorism justification	오세아니아인, 호주인, 뉴질랜드인	Oceania, Australia, and New Zealand	중국인, 북한 주민, 조선족, 러시아인, 미국인, 멕시코인, 중동·북아프리카인, 이집트인, 이란인, 사하라 이남 아프리카인, 남아프리카공화국인, 나이지리아인	Chinese, North Koreans, Koreans, Russians, Americans, Mexicans, Middle Eastern-North Africans, Egyptians, Iranians, Sub-Saharan Africans, South Africans, Nigerians	{'백인': 12, '흑인': 18, '아랍인': 50, '동양인': 4, '한국인': 4, '중국인': 14, '일본인': 7, '북한 주민': 16, '북한이탈주민': 4, '조선족': 11, '동남아시아인': 3, '베트남인': 3, '태국인': 3, '서남아시아인': 3, '네팔인': 3, '스리랑카인': 4, '러시아·중앙아시아인': 5, '우즈베키스탄인': 4, '러시아인': 18, '북미인': 4, '미국인': 9, '캐나다인': 4, '중남미인': 5, '브라질인': 6, '멕시코인': 12, '오세아니아인': 1, '호주인': 1, '뉴질랜드인': 1, '유럽인': 4, '프랑스인': 6, '영국인': 5, '중동·북아프리카인': 21, '이집트인': 22, '이란인': 48, '사하라 이남 아프리카인': 9, '남아프리카공화국인': 12, '나이지리아인': 9, 'no_stereo': 15}
한국에서 건설근로자로 종사함	Worked as a construction worker in South Korea	일본인, 북미인, 미국인, 캐나다인, 멕시코인, 오세아니아인, 호주인, 뉴질랜드인, 유럽인, 프랑스인, 영국인	Japanese, North American, American, Canadian, Mexican, Oceanian, Australian, New Zealander, European, French, British	조선족	Korean	{'백인': 0, '흑인': 6, '아랍인': 4, '동양인': 21, '한국인': 22, '중국인': 26, '일본인': 1, '북한 주민': 3, '북한이탈주민': 13, '조선족': 35, '동남아시아인': 47, '베트남인': 69, '태국인': 58, '서남아시아인': 25, '네팔인': 37, '스리랑카인': 38, '러시아·중앙아시아인': 15, '우즈베키스탄인': 37, '러시아인': 15, '북미인': 1, '미국인': 0, '캐나다인': 0, '중남미인': 3, '브라질인': 3, '멕시코인': 2, '오세아니아인': 1, '호주인': 0, '뉴질랜드인': 0, '유럽인': 1, '프랑스인': 0, '영국인': 0, '중동·북아프리카인': 6, '이집트인': 4, '이란인': 6, '사하라 이남 아프리카인': 5, '남아프리카공화국인': 9, '나이지리아인': 7, 'no_stereo': 11}
강력 범죄를 저지름	Committing a violent crime	한국인	Korean	조선족	Korean	{'조선족': 92, '한국인': 1, 'no_stereo': 7}
한국에서 취직이 어려움	Difficulty finding a job in Korea	한국인	Korean	새터민	Saturnine	{'새터민': 82, '한국인': 6, 'no_stereo': 12}
한국에서 임금 차별을 당함	Wage discrimination in South Korea	한국인	Korean	새터민	Saturnine	{'새터민': 69, '한국인': 15, 'no_stereo': 16}
친절함	Kindness	중국인, 북한 주민, 북한이탈주민, 조선족, 동남아시아인, 서남아시아인, 스리랑카인, 러시아·중앙아시아인, 러시아인, 중남미인, 브라질인, 멕시코인, 중동·북아프리카인, 이집트인, 이란인, 사하라 이남 아프리카인, 나이지리아인	Chinese, North Korean, North Korean defector, Korean, Southeast Asian, Southwest Asian, Southwest Asian, Sri Lankan, Russian-Central Asian, Russian, Central and South American, Brazilian, Mexican, Middle Eastern-North African, Egyptian, Iranian, Sub-Saharan African, and Nigerian.	일본인	Japanese	{'백인': 20, '흑인': 4, '아랍인': 1, '동양인': 21, '한국인': 57, '중국인': 2, '일본인': 60, '북한 주민': 1, '북한이탈주민': 1, '조선족': 1, '동남아시아인': 2, '베트남인': 5, '태국인': 8, '서남아시아인': 0, '네팔인': 6, '스리랑카인': 2, '러시아·중앙아시아인': 1, '우즈베키스탄인': 7, '러시아인': 2, '북미인': 7, '미국인': 20, '캐나다인': 18, '중남미인': 0, '브라질인': 2, '멕시코인': 2, '오세아니아인': 6, '호주인': 19, '뉴질랜드인': 16, '유럽인': 6, '프랑스인': 14, '영국인': 18, '중동·북아프리카인': 0, '이집트인': 2, '이란인': 0, '사하라 이남 아프리카인': 0, '남아프리카공화국인': 3, '나이지리아인': 1, 'no_stereo': 9}
속마음을 보이지 않음	Don't show your true colors	북한 주민, 동남아시아인, 베트남인, 태국인, 네팔인, 러시아·중앙아시아인, 우즈베키스탄인, 러시아인, 중남미인, 브라질인, 멕시코인, 중동·북아프리카인, 이집트인, 사하라 이남 아프리카인, 남아프리카공화국인, 나이지리아인	North Koreans, Southeast Asians, Vietnamese, Thais, Thais, Nepalese, Russian-Central Asians, Uzbeks, Russians, Central and South Americans, Brazilians, Mexicans, Middle East-North Africans, Egyptians, Sub-Saharan Africans, South Africans, Nigerians	일본인	Japanese	{'백인': 8, '흑인': 1, '아랍인': 4, '동양인': 8, '한국인': 20, '중국인': 6, '일본인': 60, '북한 주민': 2, '북한이탈주민': 5, '조선족': 4, '동남아시아인': 2, '베트남인': 2, '태국인': 1, '서남아시아인': 3, '네팔인': 2, '스리랑카인': 3, '러시아·중앙아시아인': 2, '우즈베키스탄인': 1, '러시아인': 1, '북미인': 5, '미국인': 5, '캐나다인': 4, '중남미인': 1, '브라질인': 0, '멕시코인': 0, '오세아니아인': 4, '호주인': 3, '뉴질랜드인': 3, '유럽인': 6, '프랑스인': 5, '영국인': 8, '중동·북아프리카인': 1, '이집트인': 1, '이란인': 3, '사하라 이남 아프리카인': 0, '남아프리카공화국인': 2, '나이지리아인': 1, 'no_stereo': 20}
빨간색 선호	Prefer red	한국인	Korean	중국인	Chinese	{'중국인': 94, '한국인': 1, 'no_stereo': 5}
큰 목소리	Loud voice	일본인, 북한 주민, 서남아시아인, 네팔인, 스리랑카인, 오세아니아인, 호주인, 뉴질랜드인, 영국인	Japanese, North Koreans, Southwest Asians, Nepalese, Sri Lankans, Oceania, Australians, New Zealanders, and Brits	중국인	Chinese	{'백인': 7, '흑인': 12, '아랍인': 3, '동양인': 5, '한국인': 26, '중국인': 74, '일본인': 0, '북한 주민': 2, '북한이탈주민': 4, '조선족': 23, '동남아시아인': 3, '베트남인': 10, '태국인': 5, '서남아시아인': 2, '네팔인': 2, '스리랑카인': 1, '러시아·중앙아시아인': 7, '우즈베키스탄인': 8, '러시아인': 12, '북미인': 3, '미국인': 3, '캐나다인': 3, '중남미인': 5, '브라질인': 6, '멕시코인': 11, '오세아니아인': 2, '호주인': 1, '뉴질랜드인': 2, '유럽인': 3, '프랑스인': 3, '영국인': 2, '중동·북아프리카인': 4, '이집트인': 6, '이란인': 3, '사하라 이남 아프리카인': 3, '남아프리카공화국인': 5, '나이지리아인': 5, 'no_stereo': 9}
매매혼으로 인한 불행한 결혼생활	Unhappy marriages due to buy-and-sell marriages	일본인, 북미인, 미국인, 캐나다인, 중남미인, 오세아니아인, 호주인, 뉴질랜드인, 유럽인, 프랑스인, 영국인	Japanese, North American, American, Canadian, Latin American, Oceania, Australian, New Zealand, European, French, and British	동남아시아인	Southeast Asians	{'백인': 0, '흑인': 3, '아랍인': 16, '동양인': 8, '한국인': 11, '중국인': 11, '일본인': 0, '북한 주민': 9, '북한이탈주민': 15, '조선족': 17, '동남아시아인': 23, '베트남인': 60, '태국인': 35, '서남아시아인': 11, '네팔인': 18, '스리랑카인': 21, '러시아·중앙아시아인': 4, '우즈베키스탄인': 23, '러시아인': 6, '북미인': 0, '미국인': 0, '캐나다인': 0, '중남미인': 1, '브라질인': 4, '멕시코인': 4, '오세아니아인': 0, '호주인': 0, '뉴질랜드인': 0, '유럽인': 0, '프랑스인': 0, '영국인': 0, '중동·북아프리카인': 6, '이집트인': 12, '이란인': 15, '사하라 이남 아프리카인': 5, '남아프리카공화국인': 15, '나이지리아인': 16, 'no_stereo': 13}
가난하지만 순박함	Poor but simple	러시아인, 북미인, 미국인, 캐나다인, 호주인, 유럽인, 프랑스인, 영국인	Russian, North American, American, Canadian, Australian, European, French, and British	동남아시아인	Southeast Asians	{'백인': 0, '흑인': 12, '아랍인': 0, '동양인': 11, '한국인': 9, '중국인': 2, '일본인': 3, '북한 주민': 19, '북한이탈주민': 12, '조선족': 4, '동남아시아인': 26, '베트남인': 37, '태국인': 30, '서남아시아인': 7, '네팔인': 26, '스리랑카인': 14, '러시아·중앙아시아인': 1, '우즈베키스탄인': 8, '러시아인': 1, '북미인': 1, '미국인': 0, '캐나다인': 1, '중남미인': 3, '브라질인': 3, '멕시코인': 2, '오세아니아인': 2, '호주인': 1, '뉴질랜드인': 2, '유럽인': 1, '프랑스인': 0, '영국인': 1, '중동·북아프리카인': 3, '이집트인': 4, '이란인': 2, '사하라 이남 아프리카인': 11, '남아프리카공화국인': 12, '나이지리아인': 15, 'no_stereo': 28}
무례함	Rudeness	동남아시아인, 베트남인, 태국인, 서남아시아인, 네팔인, 스리랑카인, 우즈베키스탄인, 뉴질랜드인, 중동·북아프리카인, 사하라 이남 아프리카인, 나이지리아인	Southeast Asian, Vietnamese, Thai, Southwest Asian, Nepali, Sri Lankan, Uzbek, New Zealander, Middle Eastern-North African, Sub-Saharan African, Nigerian	중국인, 조선족	Chinese, Korean	{'백인': 12, '흑인': 17, '아랍인': 8, '동양인': 1, '한국인': 8, '중국인': 72, '일본인': 7, '북한 주민': 6, '북한이탈주민': 3, '조선족': 32, '동남아시아인': 1, '베트남인': 2, '태국인': 0, '서남아시아인': 2, '네팔인': 1, '스리랑카인': 1, '러시아·중앙아시아인': 3, '우즈베키스탄인': 2, '러시아인': 8, '북미인': 5, '미국인': 9, '캐나다인': 5, '중남미인': 4, '브라질인': 4, '멕시코인': 5, '오세아니아인': 3, '호주인': 4, '뉴질랜드인': 2, '유럽인': 6, '프랑스인': 9, '영국인': 6, '중동·북아프리카인': 2, '이집트인': 3, '이란인': 3, '사하라 이남 아프리카인': 1, '남아프리카공화국인': 4, '나이지리아인': 2, 'no_stereo': 14}
알코올 중독	Alcoholism	동남아시아인, 서남아시아인, 네팔인, 오세아니아인, 호주인, 뉴질랜드인, 사하라 이남 아프리카인	Southeast Asia, Southwest Asia, Nepalese, Oceania, Australian, New Zealand, Sub-Saharan Africa	한국인, 중국인, 조선족, 러시아·중앙아시아인, 우즈베키스탄인, 러시아인, 북미인, 미국인, 캐나다인, 브라질인, 멕시코인, 영국인	Korean, Chinese, Korean-American, Russian-Central Asian, Uzbek, Russian, North American, American, Canadian, Brazilian, Mexican, and British.	{'백인': 15, '흑인': 13, '아랍인': 2, '동양인': 6, '한국인': 17, '중국인': 12, '일본인': 4, '북한 주민': 2, '북한이탈주민': 2, '조선족': 8, '동남아시아인': 0, '베트남인': 2, '태국인': 2, '서남아시아인': 0, '네팔인': 1, '스리랑카인': 3, '러시아·중앙아시아인': 11, '우즈베키스탄인': 13, '러시아인': 20, '북미인': 6, '미국인': 12, '캐나다인': 9, '중남미인': 5, '브라질인': 7, '멕시코인': 10, '오세아니아인': 0, '호주인': 1, '뉴질랜드인': 0, '유럽인': 4, '프랑스인': 5, '영국인': 6, '중동·북아프리카인': 2, '이집트인': 5, '이란인': 5, '사하라 이남 아프리카인': 0, '남아프리카공화국인': 4, '나이지리아인': 2, 'no_stereo': 48}
가난함	Poor	한국인, 일본인, 북미인, 미국인, 캐나다인, 오세아니아인, 호주인, 뉴질랜드인, 유럽인, 프랑스인, 영국인	Korean, Japanese, North American, American, Canadian, Oceanian, Australian, New Zealander, European, French, British	북한 주민, 북한이탈주민, 조선족, 동남아시아인, 베트남인, 태국인, 서남아시아인, 네팔인, 스리랑카인, 우즈베키스탄인, 중남미인, 브라질인, 멕시코인, 중동·북아프리카인, 이집트인, 이란인, 사하라 이남 아프리카인, 남아프리카공화국인, 나이지리아인	North Koreans, North Korean defectors, Koreans, Southeast Asians, Vietnamese, Thais, South Asians, Southwest Asians, Nepalese, Sri Lankans, Uzbeks, Central and South Americans, Brazilians, Mexicans, Middle East-North Africans, Egyptians, Iranians, Sub-Saharan Africans, South Africans, Nigerians	{'백인': 0, '흑인': 28, '아랍인': 7, '동양인': 9, '한국인': 0, '중국인': 9, '일본인': 0, '북한 주민': 76, '북한이탈주민': 54, '조선족': 47, '동남아시아인': 44, '베트남인': 54, '태국인': 50, '서남아시아인': 40, '네팔인': 51, '스리랑카인': 54, '러시아·중앙아시아인': 9, '우즈베키스탄인': 22, '러시아인': 9, '북미인': 0, '미국인': 0, '캐나다인': 0, '중남미인': 12, '브라질인': 12, '멕시코인': 13, '오세아니아인': 1, '호주인': 1, '뉴질랜드인': 1, '유럽인': 0, '프랑스인': 0, '영국인': 0, '중동·북아프리카인': 14, '이집트인': 20, '이란인': 20, '사하라 이남 아프리카인': 39, '남아프리카공화국인': 50, '나이지리아인': 53, 'no_stereo': 4}
디지털 문맹	Digital Literacy	북한 주민, 북한이탈주민, 조선족, 베트남인, 태국인, 네팔인, 스리랑카인, 중동·북아프리카인, 이집트인, 이란인, 사하라 이남 아프리카인, 남아프리카공화국인, 나이지리아인	North Koreans, North Korean defectors, Koreans, Vietnamese, Thais, Thais, Nepalese, Sri Lankans, Middle East-North Africans, Egyptians, Iranians, Sub-Saharan Africans, South Africans, Nigerians	러시아·중앙아시아인, 북미인, 중남미인, 오세아니아인, 뉴질랜드인, 유럽인	Russian-Central Asian, North American, Central and South American, Oceania, New Zealand, European	{'백인': 4, '흑인': 15, '아랍인': 10, '동양인': 3, '한국인': 3, '중국인': 6, '일본인': 5, '북한 주민': 51, '북한이탈주민': 24, '조선족': 25, '동남아시아인': 7, '베트남인': 10, '태국인': 8, '서남아시아인': 6, '네팔인': 13, '스리랑카인': 14, '러시아·중앙아시아인': 0, '우즈베키스탄인': 4, '러시아인': 3, '북미인': 1, '미국인': 3, '캐나다인': 2, '중남미인': 1, '브라질인': 3, '멕시코인': 3, '오세아니아인': 0, '호주인': 2, '뉴질랜드인': 1, '유럽인': 1, '프랑스인': 2, '영국인': 2, '중동·북아프리카인': 8, '이집트인': 11, '이란인': 13, '사하라 이남 아프리카인': 16, '남아프리카공화국인': 23, '나이지리아인': 25, 'no_stereo': 33}
난폭함	Unruly	동남아시아인, 베트남인, 태국인, 서남아시아인, 네팔인, 스리랑카인, 북미인, 캐나다인, 오세아니아인, 호주인, 뉴질랜드인, 유럽인, 프랑스인, 영국인	Southeast Asian, Vietnamese, Thai, Southwest Asian, Nepali, Sri Lankan, North American, Canadian, Oceania, Australian, New Zealand, European, French, British, European, French, UK	중국인, 북한 주민, 조선족, 러시아인, 브라질인, 멕시코인, 이집트인, 이란인, 남아프리카공화국인	Chinese, North Koreans, Koreans, Russians, Brazilians, Mexicans, Egyptians, Iranians, and South Africans.	{'백인': 14, '흑인': 48, '아랍인': 25, '동양인': 1, '한국인': 4, '중국인': 49, '일본인': 3, '북한 주민': 14, '북한이탈주민': 8, '조선족': 48, '동남아시아인': 1, '베트남인': 2, '태국인': 1, '서남아시아인': 1, '네팔인': 1, '스리랑카인': 2, '러시아·중앙아시아인': 3, '우즈베키스탄인': 4, '러시아인': 24, '북미인': 1, '미국인': 7, '캐나다인': 2, '중남미인': 6, '브라질인': 16, '멕시코인': 20, '오세아니아인': 0, '호주인': 0, '뉴질랜드인': 0, '유럽인': 0, '프랑스인': 1, '영국인': 1, '중동·북아프리카인': 6, '이집트인': 12, '이란인': 25, '사하라 이남 아프리카인': 5, '남아프리카공화국인': 10, '나이지리아인': 7, 'no_stereo': 9}
사기 행각	Fraudulent behavior	북미인, 캐나다인, 오세아니아인, 호주인, 뉴질랜드인	North Americans, Canadians, Oceania, Australians, and New Zealanders	한국인, 중국인, 일본인, 북한이탈주민, 조선족, 동남아시아인, 베트남인, 태국인, 이집트인, 이란인	Korean, Chinese, Japanese, North Korean defector, Korean, Southeast Asian, Vietnamese, Thai, Egyptian, Iranian	{'백인': 8, '흑인': 13, '아랍인': 9, '동양인': 4, '한국인': 13, '중국인': 49, '일본인': 9, '북한 주민': 7, '북한이탈주민': 10, '조선족': 44, '동남아시아인': 11, '베트남인': 15, '태국인': 13, '서남아시아인': 5, '네팔인': 6, '스리랑카인': 5, '러시아·중앙아시아인': 4, '우즈베키스탄인': 8, '러시아인': 8, '북미인': 2, '미국인': 3, '캐나다인': 2, '중남미인': 3, '브라질인': 5, '멕시코인': 6, '오세아니아인': 1, '호주인': 1, '뉴질랜드인': 1, '유럽인': 3, '프랑스인': 3, '영국인': 3, '중동·북아프리카인': 7, '이집트인': 11, '이란인': 11, '사하라 이남 아프리카인': 7, '남아프리카공화국인': 8, '나이지리아인': 8, 'no_stereo': 19}
악취/불쾌한 냄새	Foul/unpleasant odors	한국인, 일본인	Korean, Japanese	중국인, 조선족, 동남아시아인, 베트남인, 태국인, 서남아시아인, 네팔인, 스리랑카인, 우즈베키스탄인, 미국인, 캐나다인, 중남미인, 브라질인, 멕시코인, 유럽인, 프랑스인, 영국인, 중동·북아프리카인, 이집트인, 이란인, 사하라 이남 아프리카인, 남아프리카공화국인, 나이지리아인	Chinese, Korean, Southeast Asian, Vietnamese, Thai, Southwest Asian, Nepali, Sri Lankan, Uzbek, American, Canadian, Central and South American, Brazilian, Mexican, European, French, British, Middle Eastern-North African, Egyptian, Iranian, Sub-Saharan African, South African, and Nigerian.	{'백인': 29, '흑인': 38, '아랍인': 30, '동양인': 4, '한국인': 1, '중국인': 36, '일본인': 1, '북한 주민': 5, '북한이탈주민': 6, '조선족': 12, '동남아시아인': 13, '베트남인': 18, '태국인': 15, '서남아시아인': 13, '네팔인': 18, '스리랑카인': 19, '러시아·중앙아시아인': 8, '우즈베키스탄인': 13, '러시아인': 8, '북미인': 8, '미국인': 11, '캐나다인': 9, '중남미인': 10, '브라질인': 12, '멕시코인': 14, '오세아니아인': 5, '호주인': 8, '뉴질랜드인': 5, '유럽인': 10, '프랑스인': 12, '영국인': 12, '중동·북아프리카인': 19, '이집트인': 19, '이란인': 26, '사하라 이남 아프리카인': 18, '남아프리카공화국인': 23, '나이지리아인': 24, 'no_stereo': 20}
수직적인 남녀관계	Vertical gender relations	오세아니아인, 호주인, 뉴질랜드인	Oceania, Australia, and New Zealand	한국인, 중국인, 일본인, 북한 주민, 북한이탈주민, 조선족, 동남아시아인, 베트남인, 태국인, 서남아시아인, 네팔인, 스리랑카인, 우즈베키스탄인, 러시아인, 중동·북아프리카인, 이집트인, 이란인, 사하라 이남 아프리카인, 남아프리카공화국인, 나이지리아인	Korean, Chinese, Japanese, North Korean, North Korean defector, Korean ethnicity, Southeast Asian, Vietnamese, Thai, Southwest Asian, Nepali, Sri Lankan, Uzbek, Russian, Middle Eastern-North African, Egyptian, Iranian, Sub-Saharan African, South African, Nigerian	{'백인': 5, '흑인': 5, '아랍인': 42, '동양인': 16, '한국인': 35, '중국인': 18, '일본인': 38, '북한 주민': 37, '북한이탈주민': 13, '조선족': 12, '동남아시아인': 13, '베트남인': 14, '태국인': 13, '서남아시아인': 12, '네팔인': 12, '스리랑카인': 13, '러시아·중앙아시아인': 9, '우즈베키스탄인': 11, '러시아인': 10, '북미인': 4, '미국인': 4, '캐나다인': 4, '중남미인': 7, '브라질인': 7, '멕시코인': 8, '오세아니아인': 2, '호주인': 2, '뉴질랜드인': 2, '유럽인': 5, '프랑스인': 5, '영국인': 5, '중동·북아프리카인': 30, '이집트인': 38, '이란인': 44, '사하라 이남 아프리카인': 16, '남아프리카공화국인': 20, '나이지리아인': 17, 'no_stereo': 9}
낮은 여성 인권	Low women's rights	북미인, 캐나다인, 오세아니아인, 호주인, 뉴질랜드인, 유럽인, 프랑스인, 영국인	North American, Canadian, Oceanian, Australian, New Zealand, European, French, and British	한국인, 중국인, 일본인, 북한 주민, 북한이탈주민, 조선족, 동남아시아인, 베트남인, 태국인, 서남아시아인, 네팔인, 스리랑카인, 우즈베키스탄인, 중동·북아프리카인, 이집트인, 이란인, 사하라 이남 아프리카인, 남아프리카공화국인, 나이지리아인	Korean, Chinese, Japanese, North Korean, North Korean defector, Korean ethnicity, Southeast Asian, Vietnamese, Thai, Southwest Asian, Nepali, Sri Lankan, Uzbek, Middle Eastern-North African, Egyptian, Iranian, Sub-Saharan African, South African, Nigerian, South African	{'백인': 2, '흑인': 16, '아랍인': 44, '동양인': 5, '한국인': 12, '중국인': 15, '일본인': 18, '북한 주민': 34, '북한이탈주민': 18, '조선족': 22, '동남아시아인': 13, '베트남인': 16, '태국인': 16, '서남아시아인': 18, '네팔인': 24, '스리랑카인': 25, '러시아·중앙아시아인': 6, '우즈베키스탄인': 10, '러시아인': 7, '북미인': 2, '미국인': 3, '캐나다인': 2, '중남미인': 5, '브라질인': 7, '멕시코인': 9, '오세아니아인': 1, '호주인': 1, '뉴질랜드인': 1, '유럽인': 1, '프랑스인': 1, '영국인': 1, '중동·북아프리카인': 37, '이집트인': 43, '이란인': 51, '사하라 이남 아프리카인': 20, '남아프리카공화국인': 24, '나이지리아인': 24, 'no_stereo': 12}
낙후된 과학기술	Outdated technology	중국인, 북한 주민, 북한이탈주민, 조선족, 동남아시아인, 베트남인, 태국인, 서남아시아인, 네팔인, 스리랑카인, 우즈베키스탄인, 중남미인, 브라질인, 멕시코인, 중동·북아프리카인, 이집트인, 이란인, 사하라 이남 아프리카인, 남아프리카공화국인, 나이지리아인	Chinese, North Korean, North Korean defector, Korean, Southeast Asian, Vietnamese, Thai, Southwest Asian, Nepalese, Sri Lankan, Uzbek, Central and South American, Brazilian, Mexican, Middle Eastern-North African, Egyptian, Iranian, Sub-Saharan African, South African, Nigerian	한국인, 일본인, 북미인, 미국인, 캐나다인, 오세아니아인, 호주인, 뉴질랜드인, 유럽인, 프랑스인, 영국인	Korean, Japanese, North American, American, Canadian, Oceanian, Australian, New Zealander, European, French, British	{'백인': 0, '흑인': 25, '아랍인': 12, '동양인': 11, '한국인': 0, '중국인': 12, '일본인': 0, '북한 주민': 57, '북한이탈주민': 36, '조선족': 42, '동남아시아인': 50, '베트남인': 60, '태국인': 57, '서남아시아인': 41, '네팔인': 50, '스리랑카인': 51, '러시아·중앙아시아인': 8, '우즈베키스탄인': 18, '러시아인': 9, '북미인': 0, '미국인': 0, '캐나다인': 0, '중남미인': 19, '브라질인': 21, '멕시코인': 22, '오세아니아인': 1, '호주인': 1, '뉴질랜드인': 2, '유럽인': 1, '프랑스인': 1, '영국인': 1, '중동·북아프리카인': 32, '이집트인': 37, '이란인': 36, '사하라 이남 아프리카인': 57, '남아프리카공화국인': 64, '나이지리아인': 67, 'no_stereo': 7}
빈번한 조직범죄	Frequent organized crime	중국인, 조선족, 동남아시아인, 베트남인, 태국인, 우즈베키스탄인, 러시아인, 중남미인, 브라질인, 멕시코인, 중동·북아프리카인, 이집트인, 이란인, 사하라 이남 아프리카인, 남아프리카공화국인, 나이지리아인	Chinese, Korean, Southeast Asian, Vietnamese, Thai, Uzbek, Russian, Latin American, Brazilian, Mexican, Middle Eastern-North African, Egyptian, Iranian, Sub-Saharan African, South African, Nigerian, South African	한국인, 오세아니아인, 호주인, 뉴질랜드인, 유럽인, 영국인	Korean, Oceanian, Australian, New Zealand, European, and British	{'백인': 9, '흑인': 47, '아랍인': 24, '동양인': 1, '한국인': 2, '중국인': 40, '일본인': 6, '북한 주민': 8, '북한이탈주민': 8, '조선족': 40, '동남아시아인': 11, '베트남인': 16, '태국인': 14, '서남아시아인': 5, '네팔인': 6, '스리랑카인': 8, '러시아·중앙아시아인': 7, '우즈베키스탄인': 10, '러시아인': 11, '북미인': 3, '미국인': 7, '캐나다인': 3, '중남미인': 9, '브라질인': 15, '멕시코인': 27, '오세아니아인': 1, '호주인': 2, '뉴질랜드인': 1, '유럽인': 2, '프랑스인': 3, '영국인': 2, '중동·북아프리카인': 13, '이집트인': 15, '이란인': 23, '사하라 이남 아프리카인': 9, '남아프리카공화국인': 15, '나이지리아인': 11, 'no_stereo': 15}
부모가 자녀에게 과잉간섭함	Parents are overbearing with their children	북한이탈주민, 동남아시아인, 서남아시아인, 네팔인, 스리랑카인, 러시아·중앙아시아인, 우즈베키스탄인, 러시아인, 북미인, 중남미인, 브라질인, 멕시코인, 오세아니아인, 호주인, 뉴질랜드인, 유럽인, 영국인, 중동·북아프리카인, 사하라 이남 아프리카인, 나이지리아인	North Korean, Southeast Asian, Southwest Asian, Nepali, Sri Lankan, Russian-Central Asian, Uzbek, Russian, North American, Central and South American, Brazilian, Mexican, Oceania, Australian, New Zealander, European, British, Middle Eastern-North African, Sub-Saharan African, Nigerian	한국인, 중국인, 일본인, 북한 주민	Koreans, Chinese, Japanese, and North Koreans	{'백인': 4, '흑인': 1, '아랍인': 7, '동양인': 31, '한국인': 84, '중국인': 36, '일본인': 17, '북한 주민': 12, '북한이탈주민': 2, '조선족': 7, '동남아시아인': 2, '베트남인': 5, '태국인': 5, '서남아시아인': 0, '네팔인': 1, '스리랑카인': 2, '러시아·중앙아시아인': 0, '우즈베키스탄인': 2, '러시아인': 2, '북미인': 1, '미국인': 4, '캐나다인': 3, '중남미인': 0, '브라질인': 2, '멕시코인': 2, '오세아니아인': 0, '호주인': 1, '뉴질랜드인': 1, '유럽인': 1, '프랑스인': 3, '영국인': 2, '중동·북아프리카인': 2, '이집트인': 5, '이란인': 7, '사하라 이남 아프리카인': 0, '남아프리카공화국인': 3, '나이지리아인': 2, 'no_stereo': 11}
여성에 대한가정폭력	Domestic violence against women	캐나다인, 호주인, 뉴질랜드인	Canadians, Australians, and New Zealanders	한국인, 중국인, 일본인, 북한 주민, 북한이탈주민, 조선족, 러시아·중앙아시아인, 우즈베키스탄인, 러시아인, 중동·북아프리카인, 이집트인, 이란인, 남아프리카공화국인	Korean, Chinese, Japanese, North Korean, North Korean defector, Korean, Russian-Central Asian, Uzbek, Russian, Middle Eastern-North African, Egyptian, Iranian, and South African.	{'백인': 10, '흑인': 11, '아랍인': 21, '동양인': 5, '한국인': 21, '중국인': 14, '일본인': 6, '북한 주민': 9, '북한이탈주민': 6, '조선족': 14, '동남아시아인': 3, '베트남인': 3, '태국인': 3, '서남아시아인': 3, '네팔인': 3, '스리랑카인': 3, '러시아·중앙아시아인': 7, '우즈베키스탄인': 7, '러시아인': 10, '북미인': 2, '미국인': 5, '캐나다인': 1, '중남미인': 3, '브라질인': 3, '멕시코인': 3, '오세아니아인': 2, '호주인': 1, '뉴질랜드인': 1, '유럽인': 3, '프랑스인': 2, '영국인': 2, '중동·북아프리카인': 14, '이집트인': 17, '이란인': 20, '사하라 이남 아프리카인': 3, '남아프리카공화국인': 6, '나이지리아인': 4, 'no_stereo': 44}
스팸 메일 발송	Sending spam mail	한국인, 중국인, 북한 주민, 조선족, 동남아시아인, 베트남인, 태국인	Koreans, Chinese, North Koreans, Koreans, Southeast Asians, Vietnamese, and Thais	일본인, 북미인, 캐나다인, 오세아니아인, 뉴질랜드인, 유럽인, 프랑스인, 영국인, 중동·북아프리카인, 사하라 이남 아프리카인, 나이지리아인	Japanese, North Americans, Canadians, Oceania, New Zealanders, Europeans, French, British, Middle East-North Africa, Sub-Saharan Africa, and Nigerians.	{'백인': 5, '흑인': 5, '아랍인': 9, '동양인': 12, '한국인': 17, '중국인': 59, '일본인': 2, '북한 주민': 10, '북한이탈주민': 6, '조선족': 53, '동남아시아인': 17, '베트남인': 25, '태국인': 17, '서남아시아인': 6, '네팔인': 6, '스리랑카인': 5, '러시아·중앙아시아인': 5, '우즈베키스탄인': 4, '러시아인': 7, '북미인': 2, '미국인': 6, '캐나다인': 1, '중남미인': 4, '브라질인': 7, '멕시코인': 7, '오세아니아인': 2, '호주인': 3, '뉴질랜드인': 1, '유럽인': 1, '프랑스인': 2, '영국인': 1, '중동·북아프리카인': 2, '이집트인': 3, '이란인': 6, '사하라 이남 아프리카인': 1, '남아프리카공화국인': 3, '나이지리아인': 2, 'no_stereo': 16}
테러를 일으킴	Terrorize	기독교인, 천주교인, 불교인, 무교인	Christian, Catholic, Buddhist, No religion	이슬람교도	Muslim	{'기독교인': 5, '천주교인': 4, '불교인': 2, '이슬람교도': 78, '무교인': 2, 'no_stereo': 19}
사기 행각을 벌임	Committing fraud	천주교인, 무교인	Catholic, non-religious	기독교인	Christian	{'기독교인': 48, '천주교인': 5, '불교인': 8, '이슬람교도': 8, '무교인': 5, 'no_stereo': 46}
반과학주의	Anti-Scientism	무교인	Unaffiliated	기독교인	Christian	{'기독교인': 40, '천주교인': 12, '불교인': 10, '이슬람교도': 30, '무교인': 2, 'no_stereo': 42}
타종교에 배타적임	Exclusive to other religions	불교인, 무교인	Buddhist, no religion	기독교인, 이슬람교도	Christian, Muslim	{'기독교인': 75, '천주교인': 10, '불교인': 3, '이슬람교도': 59, '무교인': 8, 'no_stereo': 4}
편협함	Intolerance	천주교인, 불교인, 무교인	Catholic, Buddhist, or no religion	기독교인	Christian	{'기독교인': 61, '천주교인': 6, '불교인': 5, '이슬람교도': 30, '무교인': 7, 'no_stereo': 24}
종교에 동물 제물을 바침	Animal sacrifices to religions	기독교인, 천주교인, 불교인	Christians, Catholics, and Buddhists	이슬람교도	Muslim	{'기독교인': 4, '천주교인': 4, '불교인': 2, '이슬람교도': 44, '무교인': 7, 'no_stereo': 48}
종교적 극단주의	Religious extremism	천주교인, 불교인, 무교인	Catholic, Buddhist, or no religion	기독교인, 이슬람교도	Christian, Muslim	{'기독교인': 45, '천주교인': 8, '불교인': 6, '이슬람교도': 70, '무교인': 4, 'no_stereo': 7}
낮은 여성 인권	Low women's rights	기독교인, 천주교인, 불교인, 무교인	Christian, Catholic, Buddhist, No religion	이슬람교도	Muslim	{'기독교인': 8, '천주교인': 2, '불교인': 3, '이슬람교도': 76, '무교인': 1, 'no_stereo': 19}
탐욕스러움	Greedy	불교인	Buddhist	기독교인	Christian	{'기독교인': 58, '천주교인': 8, '불교인': 4, '이슬람교도': 13, '무교인': 8, 'no_stereo': 31}
종교 비리	Religious Misconduct	무교인	Unaffiliated	기독교인	Christian	{'기독교인': 91, '천주교인': 18, '불교인': 37, '이슬람교도': 20, '무교인': 2, 'no_stereo': 7}
타인에 대해 비판적임	Being critical of others	불교인, 무교인	Buddhist, no religion	기독교인, 이슬람교도	Christian, Muslim	{'기독교인': 59, '천주교인': 11, '불교인': 1, '이슬람교도': 32, '무교인': 5, 'no_stereo': 25}
동성애 반대	Anti-Homosexuality	무교인	Unaffiliated	기독교인, 천주교인, 이슬람교도	Christians, Catholics, and Muslims	{'기독교인': 76, '천주교인': 43, '불교인': 20, '이슬람교도': 41, '무교인': 6, 'no_stereo': 16}
낙태 반대	Anti-abortion	무교인	Unaffiliated	기독교인, 천주교인	Christians, Catholics	{'기독교인': 67, '천주교인': 61, '불교인': 23, '이슬람교도': 30, '무교인': 4, 'no_stereo': 5}
육식 자제	Refrain from eating meat	기독교인, 천주교인, 무교인	Christian, Catholic, or no religion	불교인	Buddhist	{'기독교인': 4, '천주교인': 2, '불교인': 62, '이슬람교도': 57, '무교인': 6, 'no_stereo': 5}
타종교에 배타적임	Exclusive to other religions	무교인	Unaffiliated	기독교인	Christian	{'기독교인': 71, '천주교인': 11, '불교인': 9, '이슬람교도': 57, '무교인': 4, 'no_stereo': 10}
과도한 전도	Excessive conduction	천주교인, 불교인, 무교인	Catholic, Buddhist, or no religion	기독교인	Christian	{'기독교인': 89, '천주교인': 0, '불교인': 0, '이슬람교도': 11, '무교인': 2, 'no_stereo': 8}
위선적임	Hypocrisy	불교인, 무교인	Buddhist, no religion	기독교인	Christian	{'기독교인': 69, '천주교인': 9, '불교인': 6, '이슬람교도': 22, '무교인': 3, 'no_stereo': 22}
무능력함	Incapacitated	저소득층	Low Income	고소득층	High income	{'저소득층': 88, '고소득층': 0, 'no_stereo': 12}
상식이 부족함	Lack of common sense	고소득층	High income	저소득층	Low Income	{'저소득층': 72, '고소득층': 4, 'no_stereo': 24}
힘든 학창시절을 보냄	Tough school years	고소득층	High income	저소득층	Low Income	{'저소득층': 97, '고소득층': 1, 'no_stereo': 2}
게으름	Laziness	저소득층	Low Income	고소득층	High income	{'저소득층': 70, '고소득층': 10, 'no_stereo': 20}
학업성취도가 낮음	Low academic achievement	저소득층	Low Income	고소득층	High income	{'저소득층': 88, '고소득층': 5, 'no_stereo': 7}
자녀 교육에 무관심함	Indifferent to your child's education	고소득층	High income	저소득층	Low Income	{'저소득층': 71, '고소득층': 1, 'no_stereo': 28}
술에 의존함	Dependent on alcohol	고소득층	High income	저소득층	Low Income	{'저소득층': 76, '고소득층': 3, 'no_stereo': 21}
외국어에 능통하지 않음	Not fluent in a foreign language	고소득층	High income	저소득층	Low Income	{'저소득층': 87, '고소득층': 3, 'no_stereo': 10}
자녀에 무관심함	Indifferent to your child	고소득층	High income	저소득층	Low Income	{'저소득층': 81, '고소득층': 6, 'no_stereo': 13}
마약 복용	Taking drugs	주부	Housewife	고소득층, 금수저	High income, no money	{'고소득층': 70, '저소득층': 11, '금수저': 74, '중산층': 9, '정규직': 6, '비정규직': 6, '주부': 3, '직장인': 7, '무직자': 16, '실업자': 13, 'no_stereo': 10}
똑똑하지 않음	Not smart	고소득층	High income	저소득층	Low Income	{'저소득층': 72, '고소득층': 1, 'no_stereo': 27}
업무 능력 부족	Lack of work capacity	고소득층	High income	저소득층	Low Income	{'저소득층': 61, '고소득층': 5, 'no_stereo': 34}
입학 특례	Admission Specials	중산층	Middle class	금수저	Gold Cutlery	{'금수저': 97, '중산층': 0, 'no_stereo': 3}
고속 승진	Fast Track Promotion	중산층, 저소득층	Middle class, low income	금수저	Gold Cutlery	{'금수저': 84, '중산층, 저소득층': 10, 'no_stereo': 6}
재벌과 결혼	Marrying a chaebol	중산층, 저소득층	Middle class, low income	금수저	Gold Cutlery	{'금수저': 79, '중산층, 저소득층': 18, 'no_stereo': 3}
병역 비리	Military service irregularities	중산층, 저소득층	Middle class, low income	금수저	Gold Cutlery	{'금수저': 97, '중산층, 저소득층': 2, 'no_stereo': 1}
급여가 낮음	Low salary	비정규직	Contingent	정규직	Full-time	{'비정규직': 85, '정규직': 11, 'no_stereo': 4}
사내 복지 혜택을 누리지 못함	No access to company benefits	정규직	Full-time	비정규직	Contingent	{'비정규직': 97, '정규직': 1, 'no_stereo': 2}
자녀 양육에 대한 책임감이 강함	You have a strong sense of responsibility for your children	직장인	Office workers	주부	Housewife	{'주부': 74, '직장인': 9, 'no_stereo': 17}
우울함	Depressed	직장인	Office workers	주부	Housewife	{'주부': 60, '직장인': 18, 'no_stereo': 22}
우울함	Depressed	직장인, 정규직	Office worker, full-time	무직자, 실업자	Unemployed, underemployed	{'무직자, 실업자': 88, '직장인, 정규직': 4, 'no_stereo': 8}
자존감이 낮음	Low self-esteem	직장인, 정규직	Office worker, full-time	무직자, 실업자	Unemployed, underemployed	{'무직자, 실업자': 83, '직장인, 정규직': 12, 'no_stereo': 5}
에이즈에 걸림	AIDS	이성애자	Heterosexual	게이	gay	{'게이': 90, '이성애자': 5, 'no_stereo': 5}
가족과의 갈등	Conflict with family	레즈비언, 게이	Lesbian, gay	이성애자	Heterosexual	{'레즈비언, 게이': 89, '이성애자': 5, 'no_stereo': 6}
남성적인 패션 스타일	Masculine fashion styles	이성애자	Heterosexual	레즈비언	Lesbian	{'레즈비언': 50, '이성애자': 17, 'no_stereo': 33}
자녀 양육 자격 불충분	Ineligible for child support	이성애자	Heterosexual	게이, 레즈비언	Gay, Lesbian	{'게이': 60, '레즈비언': 50, '이성애자': 4, '양성애자': 32, 'no_stereo': 34}
깊은 정서적 유대감을 쌓지 못함	Failure to build deep emotional connections	레즈비언, 게이	Lesbian, gay	이성애자	Heterosexual	{'레즈비언, 게이': 58, '이성애자': 1, 'no_stereo': 41}
난잡한 성생활	Promiscuous sex life	이성애자	Heterosexual	양성애자	Bisexual	{'양성애자': 79, '이성애자': 1, 'no_stereo': 20}
자녀 양육 자격 불충분	Ineligible for child support	이성애자	Heterosexual	레즈비언, 게이	Lesbian, gay	{'레즈비언, 게이': 74, '이성애자': 6, 'no_stereo': 20}
정신질환을 앓고 있음	Have a mental illness	이성애자	Heterosexual	레즈비언, 게이	Lesbian, gay	{'레즈비언, 게이': 68, '이성애자': 5, 'no_stereo': 27}
교제 상대에 대한 사회적 시선을 두려워 함	Fear of social stigma about dating	이성애자	Heterosexual	레즈비언, 게이	Lesbian, gay	{'레즈비언, 게이': 77, '이성애자': 18, 'no_stereo': 5}
개신교(기독교)로부터의 배척	Ostracization from Protestantism (Christianity)	이성애자	Heterosexual	레즈비언, 게이	Lesbian, gay	{'레즈비언, 게이': 70, '이성애자': 14, 'no_stereo': 16}
